ID,Age,Gender,Skin_Type,Skin_Concerns,Products_Used,Usage_Frequency,Brand_Preference,Derm_Recommendation,Location
1,30,Male,Combination,['Pigmentation'],"['Vitamin C', 'Cleanser', 'Niacinamide']",Daily,"['Nivea', 'Minimalist', 'Himalaya']",Balance T-zone with lightweight products. Use vitamin C serum daily.,Urban
2,43,Male,Oily,"['Pigmentation', 'Uneven tone', 'Dark spots']","['Moisturizer', 'Retinol', 'Niacinamide', 'Sunscreen', 'Cleanser']",Daily,"['Nivea', 'Plum', 'Himalaya']",Use salicylic acid cleanser and oil-free moisturizer. Use vitamin C serum daily. Try AHAs and vitamin C. Niacinamide and sunscreen are key.,Urban
3,43,Female,Oily,['Blackheads'],"['Sunscreen', 'Exfoliator']",Alternate Days,['Himalaya'],Use salicylic acid cleanser and oil-free moisturizer. Use BHA exfoliant twice weekly.,Rural
4,27,Male,Sensitive,['Dark spots'],"['Exfoliator', 'Vitamin C', 'Niacinamide', 'Sunscreen']",Daily,"['Minimalist', 'Biotique', 'Mamaearth']","Use fragrance-free, gentle products only. Niacinamide and sunscreen are key.",Rural
5,26,Male,Oily,"['Wrinkles', 'Blackheads']","['Moisturizer', 'Sunscreen', 'Vitamin C', 'Exfoliator']",Alternate Days,"['Himalaya', 'Biotique', 'Minimalist']",Use salicylic acid cleanser and oil-free moisturizer. Include retinol at night. Use BHA exfoliant twice weekly.,Urban
6,49,Male,Dry,"['Blackheads', 'Wrinkles']","['Vitamin C', 'Sunscreen', 'Cleanser']",Daily,['Biotique'],Use hydrating cleanser and thick moisturizer. Use BHA exfoliant twice weekly. Include retinol at night.,Rural
7,32,Female,Oily,['Dark spots'],"['Moisturizer', 'Vitamin C', 'Retinol', 'Niacinamide']",Weekly,['Plum'],Use salicylic acid cleanser and oil-free moisturizer. Niacinamide and sunscreen are key.,Urban
8,47,Female,Sensitive,"['Blackheads', 'Wrinkles', 'Pigmentation']","['Niacinamide', 'Retinol', 'Cleanser']",Daily,['Mamaearth'],"Use fragrance-free, gentle products only. Use BHA exfoliant twice weekly. Include retinol at night. Use vitamin C serum daily.",Urban
9,25,Male,Sensitive,"['Dark spots', 'Blackheads']","['Niacinamide', 'Cleanser', 'Vitamin C', 'Sunscreen']",Alternate Days,['Plum'],"Use fragrance-free, gentle products only. Niacinamide and sunscreen are key. Use BHA exfoliant twice weekly.",Rural
10,36,Female,Oily,"['Uneven tone', 'Wrinkles', 'Dark spots']","['Niacinamide', 'Cleanser', 'Sunscreen']",Daily,['Plum'],Use salicylic acid cleanser and oil-free moisturizer. Try AHAs and vitamin C. Include retinol at night. Niacinamide and sunscreen are key.,Urban
11,29,Male,Combination,"['Acne', 'Dryness']","['Exfoliator', 'Sunscreen', 'Moisturizer', 'Cleanser']",Daily,"['Minimalist', 'Biotique', 'Nivea']",Balance T-zone with lightweight products. Add niacinamide or benzoyl peroxide. Layer with hyaluronic acid serum.,Urban
12,21,Male,Dry,"['Blackheads', 'Dark spots', 'Pigmentation']","['Niacinamide', 'Exfoliator', 'Retinol', 'Moisturizer']",Daily,"['Plum', 'Nivea', 'Biotique']",Use hydrating cleanser and thick moisturizer. Use BHA exfoliant twice weekly. Niacinamide and sunscreen are key. Use vitamin C serum daily.,Rural
13,27,Female,Oily,['Pigmentation'],"['Sunscreen', 'Cleanser']",Daily,"['Mamaearth', 'Minimalist', 'Himalaya']",Use salicylic acid cleanser and oil-free moisturizer. Use vitamin C serum daily.,Urban
14,20,Male,Oily,"['Acne', 'Dark spots']","['Sunscreen', 'Vitamin C', 'Retinol']",Daily,"['Mamaearth', 'Himalaya', 'Cetaphil']",Use salicylic acid cleanser and oil-free moisturizer. Add niacinamide or benzoyl peroxide. Niacinamide and sunscreen are key.,Rural
15,37,Female,Sensitive,['Acne'],"['Vitamin C', 'Retinol']",Alternate Days,"['Nivea', 'Biotique']","Use fragrance-free, gentle products only. Add niacinamide or benzoyl peroxide.",Urban
16,28,Male,Sensitive,"['Wrinkles', 'Acne', 'Pigmentation']","['Moisturizer', 'Niacinamide', 'Retinol']",Daily,"['Mamaearth', 'Plum']","Use fragrance-free, gentle products only. Include retinol at night. Add niacinamide or benzoyl peroxide. Use vitamin C serum daily.",Rural
17,37,Male,Sensitive,"['Acne', 'Dryness', 'Dark spots']","['Cleanser', 'Moisturizer']",Daily,"['Nivea', 'Biotique']","Use fragrance-free, gentle products only. Add niacinamide or benzoyl peroxide. Layer with hyaluronic acid serum. Niacinamide and sunscreen are key.",Urban
18,22,Male,Dry,"['Acne', 'Blackheads']","['Exfoliator', 'Retinol', 'Sunscreen', 'Vitamin C']",Weekly,['Mamaearth'],Use hydrating cleanser and thick moisturizer. Add niacinamide or benzoyl peroxide. Use BHA exfoliant twice weekly.,Rural
19,33,Male,Oily,"['Wrinkles', 'Acne', 'Uneven tone']","['Niacinamide', 'Exfoliator', 'Moisturizer', 'Cleanser', 'Sunscreen']",Daily,['Minimalist'],Use salicylic acid cleanser and oil-free moisturizer. Include retinol at night. Add niacinamide or benzoyl peroxide. Try AHAs and vitamin C.,Urban
20,46,Female,Oily,"['Pigmentation', 'Dark spots', 'Uneven tone']","['Niacinamide', 'Cleanser']",Weekly,"['Cetaphil', 'Biotique', 'Himalaya']",Use salicylic acid cleanser and oil-free moisturizer. Use vitamin C serum daily. Niacinamide and sunscreen are key. Try AHAs and vitamin C.,Rural
21,21,Male,Combination,['Wrinkles'],"['Moisturizer', 'Vitamin C', 'Sunscreen', 'Retinol', 'Exfoliator']",Daily,['Nivea'],Balance T-zone with lightweight products. Include retinol at night.,Urban
22,25,Male,Combination,['Wrinkles'],"['Moisturizer', 'Sunscreen']",Alternate Days,['Nivea'],Balance T-zone with lightweight products. Include retinol at night.,Rural
23,38,Male,Combination,"['Acne', 'Pigmentation', 'Wrinkles']","['Cleanser', 'Vitamin C']",Daily,"['Plum', 'Cetaphil']",Balance T-zone with lightweight products. Add niacinamide or benzoyl peroxide. Use vitamin C serum daily. Include retinol at night.,Urban
24,24,Male,Combination,"['Blackheads', 'Wrinkles', 'Acne']","['Vitamin C', 'Retinol']",Alternate Days,['Minimalist'],Balance T-zone with lightweight products. Use BHA exfoliant twice weekly. Include retinol at night. Add niacinamide or benzoyl peroxide.,Rural
25,32,Female,Dry,"['Blackheads', 'Dark spots', 'Dryness']","['Cleanser', 'Exfoliator']",Daily,"['Minimalist', 'Plum', 'Cetaphil']",Use hydrating cleanser and thick moisturizer. Use BHA exfoliant twice weekly. Niacinamide and sunscreen are key. Layer with hyaluronic acid serum.,Urban
26,36,Male,Oily,"['Wrinkles', 'Acne']","['Moisturizer', 'Vitamin C', 'Exfoliator', 'Cleanser']",Alternate Days,"['Biotique', 'Nivea', 'Cetaphil']",Use salicylic acid cleanser and oil-free moisturizer. Include retinol at night. Add niacinamide or benzoyl peroxide.,Urban
27,46,Male,Dry,"['Acne', 'Pigmentation']","['Exfoliator', 'Retinol', 'Moisturizer', 'Sunscreen']",Daily,"['Minimalist', 'Nivea', 'Biotique']",Use hydrating cleanser and thick moisturizer. Add niacinamide or benzoyl peroxide. Use vitamin C serum daily.,Rural
28,44,Male,Sensitive,"['Wrinkles', 'Pigmentation']","['Cleanser', 'Vitamin C', 'Moisturizer']",Weekly,"['Plum', 'Minimalist']","Use fragrance-free, gentle products only. Include retinol at night. Use vitamin C serum daily.",Rural
29,25,Female,Combination,['Acne'],"['Moisturizer', 'Niacinamide', 'Sunscreen', 'Cleanser']",Daily,"['Nivea', 'Plum', 'Himalaya']",Balance T-zone with lightweight products. Add niacinamide or benzoyl peroxide.,Rural
30,46,Male,Sensitive,"['Pigmentation', 'Wrinkles', 'Acne']","['Cleanser', 'Niacinamide', 'Vitamin C', 'Moisturizer', 'Retinol']",Weekly,['Himalaya'],"Use fragrance-free, gentle products only. Use vitamin C serum daily. Include retinol at night. Add niacinamide or benzoyl peroxide.",Rural
31,21,Male,Combination,"['Wrinkles', 'Uneven tone', 'Blackheads']","['Retinol', 'Vitamin C', 'Sunscreen', 'Moisturizer']",Daily,"['Himalaya', 'Nivea']",Balance T-zone with lightweight products. Include retinol at night. Try AHAs and vitamin C. Use BHA exfoliant twice weekly.,Urban
32,52,Female,Sensitive,"['Dryness', 'Acne', 'Wrinkles']","['Moisturizer', 'Retinol', 'Niacinamide', 'Sunscreen']",Weekly,"['Nivea', 'Himalaya']","Use fragrance-free, gentle products only. Layer with hyaluronic acid serum. Add niacinamide or benzoyl peroxide. Include retinol at night.",Urban
33,46,Female,Dry,"['Acne', 'Wrinkles', 'Dark spots']","['Cleanser', 'Moisturizer', 'Sunscreen', 'Vitamin C']",Daily,['Minimalist'],Use hydrating cleanser and thick moisturizer. Add niacinamide or benzoyl peroxide. Include retinol at night. Niacinamide and sunscreen are key.,Urban
34,47,Female,Oily,"['Blackheads', 'Uneven tone']","['Vitamin C', 'Exfoliator', 'Retinol']",Weekly,"['Mamaearth', 'Biotique']",Use salicylic acid cleanser and oil-free moisturizer. Use BHA exfoliant twice weekly. Try AHAs and vitamin C.,Urban
35,29,Female,Dry,['Dryness'],"['Cleanser', 'Niacinamide', 'Moisturizer', 'Exfoliator', 'Vitamin C']",Daily,"['Himalaya', 'Cetaphil']",Use hydrating cleanser and thick moisturizer. Layer with hyaluronic acid serum.,Rural
36,37,Female,Sensitive,['Uneven tone'],"['Retinol', 'Sunscreen', 'Moisturizer', 'Vitamin C', 'Exfoliator']",Weekly,"['Mamaearth', 'Plum', 'Nivea']","Use fragrance-free, gentle products only. Try AHAs and vitamin C.",Urban
37,17,Male,Combination,"['Wrinkles', 'Dark spots']","['Moisturizer', 'Exfoliator']",Daily,"['Himalaya', 'Mamaearth']",Balance T-zone with lightweight products. Include retinol at night. Niacinamide and sunscreen are key.,Urban
38,24,Female,Sensitive,"['Dark spots', 'Blackheads']","['Cleanser', 'Moisturizer', 'Retinol', 'Niacinamide', 'Sunscreen']",Daily,"['Nivea', 'Biotique', 'Minimalist']","Use fragrance-free, gentle products only. Niacinamide and sunscreen are key. Use BHA exfoliant twice weekly.",Rural
39,19,Female,Sensitive,"['Uneven tone', 'Dryness', 'Dark spots']","['Retinol', 'Moisturizer', 'Sunscreen']",Weekly,"['Minimalist', 'Nivea']","Use fragrance-free, gentle products only. Try AHAs and vitamin C. Layer with hyaluronic acid serum. Niacinamide and sunscreen are key.",Rural
40,32,Male,Sensitive,['Dark spots'],"['Retinol', 'Niacinamide']",Daily,['Himalaya'],"Use fragrance-free, gentle products only. Niacinamide and sunscreen are key.",Rural
41,33,Female,Dry,['Wrinkles'],"['Sunscreen', 'Moisturizer', 'Retinol', 'Exfoliator', 'Vitamin C']",Weekly,"['Biotique', 'Nivea']",Use hydrating cleanser and thick moisturizer. Include retinol at night.,Rural
42,26,Female,Oily,"['Dark spots', 'Acne', 'Wrinkles']","['Vitamin C', 'Cleanser', 'Exfoliator']",Daily,['Mamaearth'],Use salicylic acid cleanser and oil-free moisturizer. Niacinamide and sunscreen are key. Add niacinamide or benzoyl peroxide. Include retinol at night.,Urban
43,35,Male,Dry,"['Uneven tone', 'Acne']","['Retinol', 'Vitamin C', 'Sunscreen']",Alternate Days,['Cetaphil'],Use hydrating cleanser and thick moisturizer. Try AHAs and vitamin C. Add niacinamide or benzoyl peroxide.,Urban
44,36,Female,Oily,"['Acne', 'Wrinkles', 'Dark spots']","['Retinol', 'Vitamin C', 'Moisturizer', 'Cleanser', 'Sunscreen']",Daily,['Himalaya'],Use salicylic acid cleanser and oil-free moisturizer. Add niacinamide or benzoyl peroxide. Include retinol at night. Niacinamide and sunscreen are key.,Rural
45,31,Male,Combination,"['Blackheads', 'Uneven tone', 'Wrinkles']","['Niacinamide', 'Vitamin C']",Alternate Days,['Biotique'],Balance T-zone with lightweight products. Use BHA exfoliant twice weekly. Try AHAs and vitamin C. Include retinol at night.,Rural
46,43,Male,Sensitive,"['Uneven tone', 'Blackheads']","['Retinol', 'Moisturizer', 'Niacinamide']",Alternate Days,"['Biotique', 'Cetaphil', 'Nivea']","Use fragrance-free, gentle products only. Try AHAs and vitamin C. Use BHA exfoliant twice weekly.",Rural
47,36,Female,Combination,['Dryness'],"['Sunscreen', 'Retinol']",Daily,"['Cetaphil', 'Biotique']",Balance T-zone with lightweight products. Layer with hyaluronic acid serum.,Rural
48,24,Male,Sensitive,"['Pigmentation', 'Blackheads']","['Sunscreen', 'Exfoliator', 'Vitamin C']",Alternate Days,"['Himalaya', 'Plum', 'Cetaphil']","Use fragrance-free, gentle products only. Use vitamin C serum daily. Use BHA exfoliant twice weekly.",Urban
49,47,Male,Oily,['Uneven tone'],"['Retinol', 'Niacinamide', 'Moisturizer', 'Exfoliator', 'Sunscreen']",Weekly,"['Biotique', 'Minimalist']",Use salicylic acid cleanser and oil-free moisturizer. Try AHAs and vitamin C.,Urban
50,18,Male,Sensitive,"['Pigmentation', 'Wrinkles', 'Dark spots']","['Retinol', 'Niacinamide', 'Vitamin C', 'Sunscreen']",Weekly,"['Cetaphil', 'Plum', 'Himalaya']","Use fragrance-free, gentle products only. Use vitamin C serum daily. Include retinol at night. Niacinamide and sunscreen are key.",Rural
51,50,Female,Combination,['Acne'],"['Sunscreen', 'Cleanser', 'Niacinamide']",Daily,['Mamaearth'],Balance T-zone with lightweight products. Add niacinamide or benzoyl peroxide.,Rural
52,16,Female,Oily,['Wrinkles'],"['Sunscreen', 'Moisturizer', 'Exfoliator']",Daily,"['Cetaphil', 'Mamaearth', 'Plum']",Use salicylic acid cleanser and oil-free moisturizer. Include retinol at night.,Urban
53,22,Female,Dry,"['Dryness', 'Blackheads', 'Acne']","['Niacinamide', 'Sunscreen']",Weekly,"['Nivea', 'Plum']",Use hydrating cleanser and thick moisturizer. Layer with hyaluronic acid serum. Use BHA exfoliant twice weekly. Add niacinamide or benzoyl peroxide.,Urban
54,22,Female,Sensitive,['Dryness'],"['Retinol', 'Exfoliator']",Daily,"['Himalaya', 'Biotique', 'Minimalist']","Use fragrance-free, gentle products only. Layer with hyaluronic acid serum.",Urban
55,35,Female,Oily,['Acne'],"['Niacinamide', 'Exfoliator', 'Vitamin C', 'Moisturizer', 'Sunscreen']",Weekly,"['Nivea', 'Plum']",Use salicylic acid cleanser and oil-free moisturizer. Add niacinamide or benzoyl peroxide.,Rural
56,20,Male,Oily,['Uneven tone'],"['Sunscreen', 'Vitamin C', 'Cleanser']",Daily,['Mamaearth'],Use salicylic acid cleanser and oil-free moisturizer. Try AHAs and vitamin C.,Urban
57,36,Male,Sensitive,"['Uneven tone', 'Dark spots']","['Sunscreen', 'Cleanser', 'Moisturizer', 'Exfoliator', 'Retinol']",Alternate Days,"['Biotique', 'Nivea', 'Minimalist']","Use fragrance-free, gentle products only. Try AHAs and vitamin C. Niacinamide and sunscreen are key.",Urban
58,49,Male,Sensitive,['Dark spots'],"['Vitamin C', 'Moisturizer', 'Sunscreen']",Daily,['Minimalist'],"Use fragrance-free, gentle products only. Niacinamide and sunscreen are key.",Urban
59,20,Female,Sensitive,['Blackheads'],"['Vitamin C', 'Retinol', 'Sunscreen', 'Exfoliator']",Weekly,['Cetaphil'],"Use fragrance-free, gentle products only. Use BHA exfoliant twice weekly.",Urban
60,36,Female,Combination,['Acne'],"['Vitamin C', 'Niacinamide', 'Exfoliator']",Daily,"['Biotique', 'Plum', 'Cetaphil']",Balance T-zone with lightweight products. Add niacinamide or benzoyl peroxide.,Urban
61,38,Female,Sensitive,"['Pigmentation', 'Dark spots']","['Vitamin C', 'Retinol', 'Cleanser', 'Exfoliator', 'Moisturizer']",Weekly,"['Plum', 'Himalaya']","Use fragrance-free, gentle products only. Use vitamin C serum daily. Niacinamide and sunscreen are key.",Urban
62,36,Female,Sensitive,"['Blackheads', 'Wrinkles', 'Dryness']","['Retinol', 'Cleanser']",Alternate Days,"['Plum', 'Minimalist']","Use fragrance-free, gentle products only. Use BHA exfoliant twice weekly. Include retinol at night. Layer with hyaluronic acid serum.",Rural
63,46,Male,Sensitive,"['Acne', 'Pigmentation']","['Niacinamide', 'Retinol', 'Vitamin C', 'Cleanser']",Daily,"['Cetaphil', 'Mamaearth']","Use fragrance-free, gentle products only. Add niacinamide or benzoyl peroxide. Use vitamin C serum daily.",Rural
64,37,Female,Oily,['Uneven tone'],"['Vitamin C', 'Moisturizer', 'Sunscreen']",Daily,"['Nivea', 'Minimalist', 'Mamaearth']",Use salicylic acid cleanser and oil-free moisturizer. Try AHAs and vitamin C.,Urban
65,40,Male,Dry,"['Uneven tone', 'Wrinkles']","['Retinol', 'Exfoliator', 'Vitamin C', 'Moisturizer']",Weekly,"['Mamaearth', 'Nivea', 'Biotique']",Use hydrating cleanser and thick moisturizer. Try AHAs and vitamin C. Include retinol at night.,Urban
66,24,Female,Sensitive,"['Dryness', 'Dark spots']","['Exfoliator', 'Cleanser', 'Sunscreen', 'Niacinamide']",Weekly,['Nivea'],"Use fragrance-free, gentle products only. Layer with hyaluronic acid serum. Niacinamide and sunscreen are key.",Rural
67,25,Female,Sensitive,"['Wrinkles', 'Pigmentation']","['Niacinamide', 'Retinol', 'Moisturizer']",Weekly,['Plum'],"Use fragrance-free, gentle products only. Include retinol at night. Use vitamin C serum daily.",Rural
68,29,Female,Dry,"['Acne', 'Pigmentation']","['Exfoliator', 'Cleanser', 'Retinol', 'Vitamin C']",Weekly,['Himalaya'],Use hydrating cleanser and thick moisturizer. Add niacinamide or benzoyl peroxide. Use vitamin C serum daily.,Urban
69,33,Male,Oily,"['Dryness', 'Wrinkles']","['Niacinamide', 'Vitamin C', 'Retinol', 'Cleanser']",Alternate Days,"['Biotique', 'Cetaphil', 'Nivea']",Use salicylic acid cleanser and oil-free moisturizer. Layer with hyaluronic acid serum. Include retinol at night.,Rural
70,43,Male,Oily,['Uneven tone'],"['Moisturizer', 'Vitamin C', 'Cleanser', 'Retinol']",Daily,"['Himalaya', 'Minimalist', 'Nivea']",Use salicylic acid cleanser and oil-free moisturizer. Try AHAs and vitamin C.,Urban
71,19,Male,Oily,"['Dryness', 'Acne']","['Sunscreen', 'Exfoliator', 'Retinol', 'Moisturizer']",Daily,"['Nivea', 'Cetaphil', 'Mamaearth']",Use salicylic acid cleanser and oil-free moisturizer. Layer with hyaluronic acid serum. Add niacinamide or benzoyl peroxide.,Urban
72,38,Male,Sensitive,"['Uneven tone', 'Pigmentation', 'Blackheads']","['Moisturizer', 'Retinol', 'Sunscreen']",Weekly,"['Himalaya', 'Minimalist']","Use fragrance-free, gentle products only. Try AHAs and vitamin C. Use vitamin C serum daily. Use BHA exfoliant twice weekly.",Rural
73,17,Male,Oily,"['Wrinkles', 'Dark spots']","['Vitamin C', 'Retinol', 'Sunscreen', 'Exfoliator']",Alternate Days,['Nivea'],Use salicylic acid cleanser and oil-free moisturizer. Include retinol at night. Niacinamide and sunscreen are key.,Rural
74,29,Male,Sensitive,"['Wrinkles', 'Dark spots', 'Dryness']","['Cleanser', 'Vitamin C', 'Retinol', 'Sunscreen']",Daily,"['Biotique', 'Himalaya', 'Minimalist']","Use fragrance-free, gentle products only. Include retinol at night. Niacinamide and sunscreen are key. Layer with hyaluronic acid serum.",Rural
75,17,Male,Combination,['Uneven tone'],"['Niacinamide', 'Sunscreen', 'Moisturizer']",Daily,"['Himalaya', 'Minimalist', 'Plum']",Balance T-zone with lightweight products. Try AHAs and vitamin C.,Rural
76,20,Female,Dry,['Wrinkles'],"['Vitamin C', 'Retinol', 'Moisturizer', 'Niacinamide']",Daily,"['Plum', 'Cetaphil', 'Himalaya']",Use hydrating cleanser and thick moisturizer. Include retinol at night.,Rural
77,37,Female,Sensitive,"['Uneven tone', 'Wrinkles']","['Retinol', 'Cleanser']",Daily,['Biotique'],"Use fragrance-free, gentle products only. Try AHAs and vitamin C. Include retinol at night.",Rural
78,61,Female,Oily,"['Acne', 'Wrinkles']","['Retinol', 'Sunscreen']",Alternate Days,"['Nivea', 'Himalaya', 'Plum']",Use salicylic acid cleanser and oil-free moisturizer. Add niacinamide or benzoyl peroxide. Include retinol at night.,Urban
79,45,Female,Oily,"['Dark spots', 'Wrinkles', 'Dryness']","['Vitamin C', 'Cleanser', 'Retinol']",Alternate Days,"['Nivea', 'Minimalist', 'Mamaearth']",Use salicylic acid cleanser and oil-free moisturizer. Niacinamide and sunscreen are key. Include retinol at night. Layer with hyaluronic acid serum.,Urban
80,20,Female,Sensitive,['Acne'],"['Niacinamide', 'Moisturizer', 'Retinol']",Weekly,"['Himalaya', 'Biotique']","Use fragrance-free, gentle products only. Add niacinamide or benzoyl peroxide.",Rural
81,65,Male,Sensitive,"['Acne', 'Blackheads', 'Dark spots']","['Sunscreen', 'Cleanser', 'Exfoliator', 'Moisturizer', 'Retinol']",Weekly,['Biotique'],"Use fragrance-free, gentle products only. Add niacinamide or benzoyl peroxide. Use BHA exfoliant twice weekly. Niacinamide and sunscreen are key.",Rural
82,28,Female,Combination,['Blackheads'],"['Moisturizer', 'Cleanser', 'Retinol', 'Vitamin C']",Daily,"['Himalaya', 'Cetaphil', 'Minimalist']",Balance T-zone with lightweight products. Use BHA exfoliant twice weekly.,Urban
83,23,Male,Dry,"['Pigmentation', 'Acne', 'Dark spots']","['Niacinamide', 'Moisturizer', 'Vitamin C']",Alternate Days,['Biotique'],Use hydrating cleanser and thick moisturizer. Use vitamin C serum daily. Add niacinamide or benzoyl peroxide. Niacinamide and sunscreen are key.,Urban
84,16,Male,Dry,"['Wrinkles', 'Pigmentation', 'Acne']","['Moisturizer', 'Cleanser']",Alternate Days,['Cetaphil'],Use hydrating cleanser and thick moisturizer. Include retinol at night. Use vitamin C serum daily. Add niacinamide or benzoyl peroxide.,Rural
85,18,Male,Combination,['Pigmentation'],"['Niacinamide', 'Cleanser', 'Vitamin C', 'Retinol', 'Moisturizer']",Alternate Days,"['Cetaphil', 'Minimalist', 'Nivea']",Balance T-zone with lightweight products. Use vitamin C serum daily.,Urban
86,21,Female,Sensitive,"['Acne', 'Dryness', 'Blackheads']","['Retinol', 'Vitamin C', 'Cleanser', 'Exfoliator', 'Sunscreen']",Weekly,['Minimalist'],"Use fragrance-free, gentle products only. Add niacinamide or benzoyl peroxide. Layer with hyaluronic acid serum. Use BHA exfoliant twice weekly.",Rural
87,34,Male,Dry,"['Dark spots', 'Uneven tone']","['Retinol', 'Niacinamide', 'Vitamin C', 'Sunscreen']",Weekly,"['Cetaphil', 'Nivea', 'Minimalist']",Use hydrating cleanser and thick moisturizer. Niacinamide and sunscreen are key. Try AHAs and vitamin C.,Urban
88,60,Male,Sensitive,"['Pigmentation', 'Blackheads']","['Exfoliator', 'Retinol', 'Vitamin C', 'Niacinamide']",Daily,"['Nivea', 'Plum']","Use fragrance-free, gentle products only. Use vitamin C serum daily. Use BHA exfoliant twice weekly.",Rural
89,28,Male,Sensitive,['Acne'],"['Cleanser', 'Retinol']",Daily,"['Himalaya', 'Plum', 'Mamaearth']","Use fragrance-free, gentle products only. Add niacinamide or benzoyl peroxide.",Urban
90,65,Female,Oily,"['Wrinkles', 'Uneven tone']","['Exfoliator', 'Vitamin C', 'Cleanser', 'Sunscreen', 'Retinol']",Alternate Days,"['Minimalist', 'Cetaphil']",Use salicylic acid cleanser and oil-free moisturizer. Include retinol at night. Try AHAs and vitamin C.,Urban
91,35,Female,Dry,['Wrinkles'],"['Cleanser', 'Sunscreen', 'Niacinamide', 'Moisturizer']",Weekly,"['Biotique', 'Cetaphil', 'Himalaya']",Use hydrating cleanser and thick moisturizer. Include retinol at night.,Urban
92,50,Male,Dry,"['Uneven tone', 'Wrinkles']","['Sunscreen', 'Cleanser', 'Moisturizer', 'Niacinamide']",Weekly,['Mamaearth'],Use hydrating cleanser and thick moisturizer. Try AHAs and vitamin C. Include retinol at night.,Urban
93,27,Male,Sensitive,"['Blackheads', 'Wrinkles']","['Sunscreen', 'Exfoliator', 'Vitamin C']",Daily,['Mamaearth'],"Use fragrance-free, gentle products only. Use BHA exfoliant twice weekly. Include retinol at night.",Urban
94,22,Male,Combination,"['Uneven tone', 'Blackheads']","['Niacinamide', 'Retinol', 'Vitamin C', 'Sunscreen', 'Cleanser']",Daily,"['Nivea', 'Minimalist']",Balance T-zone with lightweight products. Try AHAs and vitamin C. Use BHA exfoliant twice weekly.,Rural
95,25,Female,Combination,['Pigmentation'],"['Niacinamide', 'Cleanser', 'Vitamin C', 'Moisturizer', 'Retinol']",Daily,['Biotique'],Balance T-zone with lightweight products. Use vitamin C serum daily.,Rural
96,18,Female,Oily,['Blackheads'],"['Moisturizer', 'Exfoliator', 'Retinol', 'Vitamin C', 'Sunscreen']",Alternate Days,['Nivea'],Use salicylic acid cleanser and oil-free moisturizer. Use BHA exfoliant twice weekly.,Urban
97,36,Male,Sensitive,['Dryness'],"['Niacinamide', 'Retinol', 'Exfoliator', 'Vitamin C']",Weekly,"['Minimalist', 'Nivea']","Use fragrance-free, gentle products only. Layer with hyaluronic acid serum.",Urban
98,22,Male,Sensitive,"['Wrinkles', 'Acne', 'Blackheads']","['Moisturizer', 'Retinol']",Weekly,"['Minimalist', 'Nivea', 'Plum']","Use fragrance-free, gentle products only. Include retinol at night. Add niacinamide or benzoyl peroxide. Use BHA exfoliant twice weekly.",Rural
99,44,Female,Dry,['Dark spots'],"['Niacinamide', 'Exfoliator']",Daily,"['Plum', 'Himalaya']",Use hydrating cleanser and thick moisturizer. Niacinamide and sunscreen are key.,Urban
100,26,Male,Dry,"['Pigmentation', 'Dryness']","['Exfoliator', 'Vitamin C', 'Cleanser']",Daily,"['Nivea', 'Biotique', 'Cetaphil']",Use hydrating cleanser and thick moisturizer. Use vitamin C serum daily. Layer with hyaluronic acid serum.,Rural
101,32,Female,Combination,['Blackheads'],"['Retinol', 'Exfoliator']",Alternate Days,"['Cetaphil', 'Minimalist']",Balance T-zone with lightweight products. Use BHA exfoliant twice weekly.,Rural
102,35,Male,Combination,"['Blackheads', 'Acne']","['Sunscreen', 'Exfoliator']",Daily,"['Biotique', 'Minimalist', 'Cetaphil']",Balance T-zone with lightweight products. Use BHA exfoliant twice weekly. Add niacinamide or benzoyl peroxide.,Rural
103,40,Male,Sensitive,"['Uneven tone', 'Pigmentation', 'Wrinkles']","['Niacinamide', 'Moisturizer', 'Cleanser', 'Retinol', 'Exfoliator']",Alternate Days,"['Minimalist', 'Cetaphil', 'Mamaearth']","Use fragrance-free, gentle products only. Try AHAs and vitamin C. Use vitamin C serum daily. Include retinol at night.",Urban
104,47,Female,Sensitive,"['Dark spots', 'Dryness', 'Pigmentation']","['Sunscreen', 'Exfoliator', 'Retinol', 'Niacinamide']",Alternate Days,"['Cetaphil', 'Minimalist', 'Plum']","Use fragrance-free, gentle products only. Niacinamide and sunscreen are key. Layer with hyaluronic acid serum. Use vitamin C serum daily.",Urban
105,23,Male,Sensitive,"['Wrinkles', 'Uneven tone']","['Sunscreen', 'Cleanser', 'Niacinamide']",Daily,"['Plum', 'Himalaya']","Use fragrance-free, gentle products only. Include retinol at night. Try AHAs and vitamin C.",Rural
106,32,Male,Combination,"['Blackheads', 'Uneven tone', 'Wrinkles']","['Vitamin C', 'Exfoliator', 'Niacinamide']",Daily,"['Himalaya', 'Nivea', 'Cetaphil']",Balance T-zone with lightweight products. Use BHA exfoliant twice weekly. Try AHAs and vitamin C. Include retinol at night.,Rural
107,18,Female,Combination,['Pigmentation'],"['Exfoliator', 'Retinol', 'Moisturizer', 'Niacinamide']",Daily,['Minimalist'],Balance T-zone with lightweight products. Use vitamin C serum daily.,Rural
108,28,Male,Combination,"['Pigmentation', 'Dark spots', 'Blackheads']","['Moisturizer', 'Exfoliator', 'Niacinamide']",Daily,"['Nivea', 'Minimalist', 'Biotique']",Balance T-zone with lightweight products. Use vitamin C serum daily. Niacinamide and sunscreen are key. Use BHA exfoliant twice weekly.,Rural
109,46,Female,Combination,"['Dryness', 'Blackheads', 'Pigmentation']","['Sunscreen', 'Retinol', 'Moisturizer']",Alternate Days,"['Cetaphil', 'Nivea', 'Himalaya']",Balance T-zone with lightweight products. Layer with hyaluronic acid serum. Use BHA exfoliant twice weekly. Use vitamin C serum daily.,Rural
110,29,Female,Dry,['Dryness'],"['Exfoliator', 'Sunscreen', 'Cleanser']",Weekly,"['Cetaphil', 'Minimalist']",Use hydrating cleanser and thick moisturizer. Layer with hyaluronic acid serum.,Urban
111,17,Male,Dry,"['Blackheads', 'Dark spots']","['Exfoliator', 'Retinol', 'Cleanser']",Daily,"['Plum', 'Minimalist']",Use hydrating cleanser and thick moisturizer. Use BHA exfoliant twice weekly. Niacinamide and sunscreen are key.,Rural
112,22,Female,Combination,['Blackheads'],"['Sunscreen', 'Moisturizer']",Daily,"['Minimalist', 'Himalaya']",Balance T-zone with lightweight products. Use BHA exfoliant twice weekly.,Rural
113,34,Male,Oily,"['Dryness', 'Blackheads']","['Exfoliator', 'Vitamin C', 'Retinol']",Weekly,"['Minimalist', 'Biotique', 'Himalaya']",Use salicylic acid cleanser and oil-free moisturizer. Layer with hyaluronic acid serum. Use BHA exfoliant twice weekly.,Rural
114,43,Male,Sensitive,['Dryness'],"['Moisturizer', 'Sunscreen', 'Cleanser', 'Niacinamide']",Daily,"['Himalaya', 'Cetaphil']","Use fragrance-free, gentle products only. Layer with hyaluronic acid serum.",Rural
115,24,Male,Sensitive,"['Dark spots', 'Acne', 'Dryness']","['Vitamin C', 'Moisturizer', 'Sunscreen']",Weekly,['Cetaphil'],"Use fragrance-free, gentle products only. Niacinamide and sunscreen are key. Add niacinamide or benzoyl peroxide. Layer with hyaluronic acid serum.",Rural
116,46,Female,Dry,"['Uneven tone', 'Acne', 'Dark spots']","['Cleanser', 'Niacinamide', 'Vitamin C', 'Exfoliator']",Weekly,"['Minimalist', 'Himalaya']",Use hydrating cleanser and thick moisturizer. Try AHAs and vitamin C. Add niacinamide or benzoyl peroxide. Niacinamide and sunscreen are key.,Rural
117,28,Female,Oily,"['Dryness', 'Acne']","['Moisturizer', 'Vitamin C', 'Cleanser', 'Sunscreen']",Daily,['Plum'],Use salicylic acid cleanser and oil-free moisturizer. Layer with hyaluronic acid serum. Add niacinamide or benzoyl peroxide.,Rural
118,38,Female,Sensitive,"['Pigmentation', 'Dryness', 'Acne']","['Cleanser', 'Sunscreen', 'Moisturizer', 'Exfoliator', 'Retinol']",Daily,"['Plum', 'Cetaphil']","Use fragrance-free, gentle products only. Use vitamin C serum daily. Layer with hyaluronic acid serum. Add niacinamide or benzoyl peroxide.",Rural
119,30,Female,Combination,['Dryness'],"['Sunscreen', 'Exfoliator', 'Cleanser']",Alternate Days,"['Minimalist', 'Plum']",Balance T-zone with lightweight products. Layer with hyaluronic acid serum.,Rural
120,32,Female,Sensitive,"['Pigmentation', 'Blackheads']","['Sunscreen', 'Niacinamide', 'Exfoliator', 'Cleanser', 'Vitamin C']",Weekly,['Nivea'],"Use fragrance-free, gentle products only. Use vitamin C serum daily. Use BHA exfoliant twice weekly.",Urban
121,30,Female,Combination,['Acne'],"['Vitamin C', 'Sunscreen', 'Exfoliator', 'Retinol']",Weekly,['Himalaya'],Balance T-zone with lightweight products. Add niacinamide or benzoyl peroxide.,Rural
122,25,Female,Oily,"['Dryness', 'Wrinkles', 'Dark spots']","['Sunscreen', 'Vitamin C', 'Cleanser', 'Niacinamide', 'Exfoliator']",Weekly,"['Cetaphil', 'Himalaya']",Use salicylic acid cleanser and oil-free moisturizer. Layer with hyaluronic acid serum. Include retinol at night. Niacinamide and sunscreen are key.,Urban
123,19,Male,Sensitive,['Pigmentation'],"['Moisturizer', 'Vitamin C']",Alternate Days,"['Nivea', 'Cetaphil']","Use fragrance-free, gentle products only. Use vitamin C serum daily.",Urban
124,35,Female,Combination,"['Blackheads', 'Acne']","['Niacinamide', 'Sunscreen', 'Retinol']",Alternate Days,"['Plum', 'Mamaearth', 'Minimalist']",Balance T-zone with lightweight products. Use BHA exfoliant twice weekly. Add niacinamide or benzoyl peroxide.,Urban
125,39,Female,Sensitive,"['Acne', 'Wrinkles', 'Uneven tone']","['Moisturizer', 'Niacinamide', 'Sunscreen', 'Retinol', 'Cleanser']",Daily,['Biotique'],"Use fragrance-free, gentle products only. Add niacinamide or benzoyl peroxide. Include retinol at night. Try AHAs and vitamin C.",Urban
126,38,Male,Sensitive,['Dryness'],"['Vitamin C', 'Sunscreen', 'Cleanser', 'Exfoliator']",Alternate Days,['Himalaya'],"Use fragrance-free, gentle products only. Layer with hyaluronic acid serum.",Urban
127,27,Male,Oily,['Dryness'],"['Moisturizer', 'Retinol', 'Cleanser']",Alternate Days,"['Cetaphil', 'Plum', 'Nivea']",Use salicylic acid cleanser and oil-free moisturizer. Layer with hyaluronic acid serum.,Urban
128,27,Male,Combination,"['Uneven tone', 'Dryness']","['Niacinamide', 'Retinol', 'Vitamin C', 'Cleanser', 'Exfoliator']",Alternate Days,"['Minimalist', 'Nivea', 'Himalaya']",Balance T-zone with lightweight products. Try AHAs and vitamin C. Layer with hyaluronic acid serum.,Rural
129,32,Male,Dry,"['Dark spots', 'Acne']","['Niacinamide', 'Moisturizer']",Alternate Days,['Mamaearth'],Use hydrating cleanser and thick moisturizer. Niacinamide and sunscreen are key. Add niacinamide or benzoyl peroxide.,Rural
130,44,Female,Combination,['Wrinkles'],"['Vitamin C', 'Niacinamide', 'Sunscreen']",Daily,"['Plum', 'Cetaphil', 'Himalaya']",Balance T-zone with lightweight products. Include retinol at night.,Urban
131,35,Male,Dry,['Uneven tone'],"['Exfoliator', 'Niacinamide', 'Cleanser', 'Vitamin C']",Daily,['Himalaya'],Use hydrating cleanser and thick moisturizer. Try AHAs and vitamin C.,Rural
132,42,Female,Oily,"['Uneven tone', 'Dark spots']","['Vitamin C', 'Sunscreen', 'Retinol', 'Moisturizer']",Weekly,"['Nivea', 'Minimalist']",Use salicylic acid cleanser and oil-free moisturizer. Try AHAs and vitamin C. Niacinamide and sunscreen are key.,Urban
133,36,Female,Sensitive,"['Blackheads', 'Pigmentation']","['Niacinamide', 'Moisturizer', 'Sunscreen', 'Exfoliator']",Alternate Days,"['Mamaearth', 'Plum']","Use fragrance-free, gentle products only. Use BHA exfoliant twice weekly. Use vitamin C serum daily.",Urban
134,21,Male,Sensitive,['Wrinkles'],"['Moisturizer', 'Exfoliator', 'Cleanser', 'Niacinamide', 'Vitamin C']",Weekly,"['Nivea', 'Mamaearth', 'Himalaya']","Use fragrance-free, gentle products only. Include retinol at night.",Rural
135,63,Female,Dry,['Blackheads'],"['Retinol', 'Sunscreen', 'Exfoliator', 'Cleanser', 'Niacinamide']",Weekly,"['Nivea', 'Mamaearth', 'Himalaya']",Use hydrating cleanser and thick moisturizer. Use BHA exfoliant twice weekly.,Urban
136,22,Male,Combination,"['Dark spots', 'Uneven tone']","['Sunscreen', 'Niacinamide', 'Cleanser', 'Vitamin C', 'Moisturizer']",Daily,"['Himalaya', 'Plum']",Balance T-zone with lightweight products. Niacinamide and sunscreen are key. Try AHAs and vitamin C.,Rural
137,27,Male,Sensitive,['Dark spots'],"['Sunscreen', 'Niacinamide', 'Exfoliator']",Daily,"['Cetaphil', 'Nivea']","Use fragrance-free, gentle products only. Niacinamide and sunscreen are key.",Rural
138,31,Male,Oily,"['Wrinkles', 'Dryness']","['Exfoliator', 'Moisturizer', 'Vitamin C', 'Retinol']",Daily,['Minimalist'],Use salicylic acid cleanser and oil-free moisturizer. Include retinol at night. Layer with hyaluronic acid serum.,Urban
139,23,Female,Sensitive,['Dark spots'],"['Sunscreen', 'Niacinamide', 'Exfoliator']",Daily,"['Cetaphil', 'Himalaya']","Use fragrance-free, gentle products only. Niacinamide and sunscreen are key.",Rural
140,55,Female,Sensitive,"['Dark spots', 'Wrinkles', 'Blackheads']","['Sunscreen', 'Exfoliator']",Daily,"['Cetaphil', 'Plum']","Use fragrance-free, gentle products only. Niacinamide and sunscreen are key. Include retinol at night. Use BHA exfoliant twice weekly.",Urban
141,41,Female,Dry,"['Acne', 'Dark spots', 'Blackheads']","['Niacinamide', 'Vitamin C', 'Exfoliator']",Weekly,['Biotique'],Use hydrating cleanser and thick moisturizer. Add niacinamide or benzoyl peroxide. Niacinamide and sunscreen are key. Use BHA exfoliant twice weekly.,Urban
142,20,Male,Dry,['Blackheads'],"['Retinol', 'Moisturizer', 'Exfoliator', 'Vitamin C']",Weekly,"['Biotique', 'Cetaphil', 'Nivea']",Use hydrating cleanser and thick moisturizer. Use BHA exfoliant twice weekly.,Urban
143,33,Male,Combination,"['Blackheads', 'Dark spots', 'Dryness']","['Moisturizer', 'Retinol', 'Niacinamide', 'Sunscreen']",Alternate Days,"['Biotique', 'Himalaya', 'Plum']",Balance T-zone with lightweight products. Use BHA exfoliant twice weekly. Niacinamide and sunscreen are key. Layer with hyaluronic acid serum.,Rural
144,40,Male,Combination,"['Wrinkles', 'Pigmentation', 'Dryness']","['Vitamin C', 'Moisturizer', 'Retinol', 'Sunscreen']",Weekly,"['Cetaphil', 'Himalaya']",Balance T-zone with lightweight products. Include retinol at night. Use vitamin C serum daily. Layer with hyaluronic acid serum.,Rural
145,17,Male,Sensitive,"['Dryness', 'Wrinkles']","['Sunscreen', 'Cleanser', 'Exfoliator']",Daily,"['Nivea', 'Himalaya']","Use fragrance-free, gentle products only. Layer with hyaluronic acid serum. Include retinol at night.",Rural
146,42,Male,Dry,"['Wrinkles', 'Dark spots', 'Dryness']","['Cleanser', 'Niacinamide', 'Vitamin C']",Daily,['Minimalist'],Use hydrating cleanser and thick moisturizer. Include retinol at night. Niacinamide and sunscreen are key. Layer with hyaluronic acid serum.,Urban
147,35,Male,Oily,"['Wrinkles', 'Uneven tone']","['Cleanser', 'Vitamin C', 'Moisturizer', 'Exfoliator', 'Sunscreen']",Daily,"['Himalaya', 'Nivea']",Use salicylic acid cleanser and oil-free moisturizer. Include retinol at night. Try AHAs and vitamin C.,Rural
148,41,Female,Combination,"['Uneven tone', 'Acne']","['Vitamin C', 'Niacinamide']",Daily,"['Himalaya', 'Biotique', 'Minimalist']",Balance T-zone with lightweight products. Try AHAs and vitamin C. Add niacinamide or benzoyl peroxide.,Urban
149,34,Male,Oily,"['Dryness', 'Blackheads']","['Vitamin C', 'Sunscreen', 'Cleanser']",Daily,"['Cetaphil', 'Biotique']",Use salicylic acid cleanser and oil-free moisturizer. Layer with hyaluronic acid serum. Use BHA exfoliant twice weekly.,Urban
150,23,Female,Sensitive,"['Dark spots', 'Dryness', 'Blackheads']","['Exfoliator', 'Niacinamide', 'Retinol']",Alternate Days,['Biotique'],"Use fragrance-free, gentle products only. Niacinamide and sunscreen are key. Layer with hyaluronic acid serum. Use BHA exfoliant twice weekly.",Urban
151,23,Male,Sensitive,"['Wrinkles', 'Uneven tone', 'Pigmentation']","['Vitamin C', 'Sunscreen']",Alternate Days,"['Himalaya', 'Mamaearth', 'Biotique']","Use fragrance-free, gentle products only. Include retinol at night. Try AHAs and vitamin C. Use vitamin C serum daily.",Rural
152,35,Female,Oily,"['Uneven tone', 'Acne']","['Moisturizer', 'Retinol', 'Sunscreen']",Daily,['Plum'],Use salicylic acid cleanser and oil-free moisturizer. Try AHAs and vitamin C. Add niacinamide or benzoyl peroxide.,Rural
153,36,Female,Combination,"['Wrinkles', 'Dark spots']","['Sunscreen', 'Vitamin C']",Alternate Days,"['Mamaearth', 'Minimalist', 'Himalaya']",Balance T-zone with lightweight products. Include retinol at night. Niacinamide and sunscreen are key.,Rural
154,20,Male,Sensitive,"['Dark spots', 'Uneven tone', 'Wrinkles']","['Vitamin C', 'Sunscreen']",Alternate Days,"['Mamaearth', 'Biotique', 'Himalaya']","Use fragrance-free, gentle products only. Niacinamide and sunscreen are key. Try AHAs and vitamin C. Include retinol at night.",Rural
155,35,Female,Combination,"['Uneven tone', 'Dark spots']","['Exfoliator', 'Niacinamide', 'Moisturizer', 'Vitamin C', 'Sunscreen']",Daily,"['Nivea', 'Cetaphil', 'Plum']",Balance T-zone with lightweight products. Try AHAs and vitamin C. Niacinamide and sunscreen are key.,Urban
156,62,Male,Oily,"['Dark spots', 'Pigmentation', 'Dryness']","['Moisturizer', 'Sunscreen', 'Niacinamide']",Weekly,['Himalaya'],Use salicylic acid cleanser and oil-free moisturizer. Niacinamide and sunscreen are key. Use vitamin C serum daily. Layer with hyaluronic acid serum.,Urban
157,64,Female,Oily,"['Blackheads', 'Acne', 'Dryness']","['Niacinamide', 'Retinol', 'Vitamin C']",Daily,"['Nivea', 'Himalaya', 'Plum']",Use salicylic acid cleanser and oil-free moisturizer. Use BHA exfoliant twice weekly. Add niacinamide or benzoyl peroxide. Layer with hyaluronic acid serum.,Urban
158,31,Female,Oily,"['Pigmentation', 'Dark spots', 'Acne']","['Retinol', 'Sunscreen']",Daily,"['Minimalist', 'Biotique', 'Nivea']",Use salicylic acid cleanser and oil-free moisturizer. Use vitamin C serum daily. Niacinamide and sunscreen are key. Add niacinamide or benzoyl peroxide.,Urban
159,17,Female,Dry,['Dryness'],"['Sunscreen', 'Retinol', 'Vitamin C', 'Niacinamide', 'Moisturizer']",Daily,"['Himalaya', 'Cetaphil', 'Mamaearth']",Use hydrating cleanser and thick moisturizer. Layer with hyaluronic acid serum.,Rural
160,31,Male,Sensitive,"['Pigmentation', 'Uneven tone', 'Dryness']","['Exfoliator', 'Cleanser']",Alternate Days,"['Himalaya', 'Biotique']","Use fragrance-free, gentle products only. Use vitamin C serum daily. Try AHAs and vitamin C. Layer with hyaluronic acid serum.",Rural
161,49,Female,Dry,['Blackheads'],"['Moisturizer', 'Sunscreen', 'Exfoliator', 'Cleanser']",Daily,"['Nivea', 'Cetaphil', 'Minimalist']",Use hydrating cleanser and thick moisturizer. Use BHA exfoliant twice weekly.,Urban
162,42,Male,Oily,"['Acne', 'Blackheads', 'Dark spots']","['Moisturizer', 'Vitamin C']",Daily,"['Nivea', 'Mamaearth']",Use salicylic acid cleanser and oil-free moisturizer. Add niacinamide or benzoyl peroxide. Use BHA exfoliant twice weekly. Niacinamide and sunscreen are key.,Urban
163,23,Male,Combination,['Dryness'],"['Niacinamide', 'Exfoliator', 'Sunscreen', 'Moisturizer']",Alternate Days,['Himalaya'],Balance T-zone with lightweight products. Layer with hyaluronic acid serum.,Urban
164,33,Female,Combination,['Dark spots'],"['Vitamin C', 'Exfoliator', 'Retinol']",Weekly,['Plum'],Balance T-zone with lightweight products. Niacinamide and sunscreen are key.,Rural
165,48,Female,Sensitive,"['Pigmentation', 'Wrinkles']","['Moisturizer', 'Niacinamide', 'Retinol', 'Exfoliator', 'Cleanser']",Alternate Days,"['Mamaearth', 'Nivea', 'Minimalist']","Use fragrance-free, gentle products only. Use vitamin C serum daily. Include retinol at night.",Rural
166,34,Male,Sensitive,['Wrinkles'],"['Sunscreen', 'Vitamin C', 'Cleanser']",Weekly,"['Minimalist', 'Cetaphil']","Use fragrance-free, gentle products only. Include retinol at night.",Urban
167,22,Female,Sensitive,"['Dark spots', 'Dryness', 'Acne']","['Moisturizer', 'Niacinamide']",Daily,"['Mamaearth', 'Plum']","Use fragrance-free, gentle products only. Niacinamide and sunscreen are key. Layer with hyaluronic acid serum. Add niacinamide or benzoyl peroxide.",Rural
168,17,Male,Dry,"['Acne', 'Uneven tone', 'Blackheads']","['Vitamin C', 'Niacinamide', 'Moisturizer']",Weekly,['Cetaphil'],Use hydrating cleanser and thick moisturizer. Add niacinamide or benzoyl peroxide. Try AHAs and vitamin C. Use BHA exfoliant twice weekly.,Rural
169,17,Female,Sensitive,"['Uneven tone', 'Wrinkles', 'Dryness']","['Sunscreen', 'Niacinamide', 'Retinol', 'Vitamin C']",Daily,"['Nivea', 'Plum', 'Mamaearth']","Use fragrance-free, gentle products only. Try AHAs and vitamin C. Include retinol at night. Layer with hyaluronic acid serum.",Rural
170,21,Female,Oily,"['Dryness', 'Pigmentation', 'Uneven tone']","['Sunscreen', 'Niacinamide']",Weekly,"['Mamaearth', 'Biotique']",Use salicylic acid cleanser and oil-free moisturizer. Layer with hyaluronic acid serum. Use vitamin C serum daily. Try AHAs and vitamin C.,Rural
171,45,Female,Dry,"['Dark spots', 'Uneven tone']","['Sunscreen', 'Retinol', 'Vitamin C', 'Niacinamide']",Daily,"['Biotique', 'Plum', 'Mamaearth']",Use hydrating cleanser and thick moisturizer. Niacinamide and sunscreen are key. Try AHAs and vitamin C.,Urban
172,50,Female,Dry,"['Uneven tone', 'Acne', 'Dark spots']","['Exfoliator', 'Cleanser']",Daily,['Nivea'],Use hydrating cleanser and thick moisturizer. Try AHAs and vitamin C. Add niacinamide or benzoyl peroxide. Niacinamide and sunscreen are key.,Urban
173,45,Male,Dry,['Pigmentation'],"['Sunscreen', 'Cleanser', 'Niacinamide', 'Retinol', 'Exfoliator']",Weekly,['Minimalist'],Use hydrating cleanser and thick moisturizer. Use vitamin C serum daily.,Rural
174,17,Male,Combination,"['Wrinkles', 'Acne', 'Dark spots']","['Exfoliator', 'Moisturizer', 'Cleanser', 'Niacinamide', 'Sunscreen']",Daily,['Mamaearth'],Balance T-zone with lightweight products. Include retinol at night. Add niacinamide or benzoyl peroxide. Niacinamide and sunscreen are key.,Rural
175,26,Female,Sensitive,['Wrinkles'],"['Retinol', 'Niacinamide', 'Moisturizer', 'Vitamin C', 'Exfoliator']",Daily,"['Biotique', 'Himalaya', 'Minimalist']","Use fragrance-free, gentle products only. Include retinol at night.",Urban
176,32,Female,Sensitive,"['Blackheads', 'Acne', 'Uneven tone']","['Cleanser', 'Retinol', 'Vitamin C']",Alternate Days,"['Biotique', 'Minimalist', 'Cetaphil']","Use fragrance-free, gentle products only. Use BHA exfoliant twice weekly. Add niacinamide or benzoyl peroxide. Try AHAs and vitamin C.",Urban
177,45,Male,Sensitive,"['Acne', 'Dryness']","['Niacinamide', 'Exfoliator', 'Cleanser', 'Moisturizer']",Alternate Days,['Mamaearth'],"Use fragrance-free, gentle products only. Add niacinamide or benzoyl peroxide. Layer with hyaluronic acid serum.",Urban
178,31,Male,Combination,['Dark spots'],"['Niacinamide', 'Retinol', 'Exfoliator']",Alternate Days,"['Biotique', 'Himalaya']",Balance T-zone with lightweight products. Niacinamide and sunscreen are key.,Urban
179,26,Female,Oily,['Blackheads'],"['Exfoliator', 'Cleanser', 'Sunscreen']",Weekly,"['Minimalist', 'Himalaya']",Use salicylic acid cleanser and oil-free moisturizer. Use BHA exfoliant twice weekly.,Rural
180,38,Female,Dry,"['Dark spots', 'Blackheads']","['Moisturizer', 'Vitamin C', 'Niacinamide', 'Retinol', 'Cleanser']",Alternate Days,['Himalaya'],Use hydrating cleanser and thick moisturizer. Niacinamide and sunscreen are key. Use BHA exfoliant twice weekly.,Urban
181,26,Female,Dry,"['Uneven tone', 'Dryness']","['Vitamin C', 'Retinol', 'Sunscreen']",Alternate Days,['Minimalist'],Use hydrating cleanser and thick moisturizer. Try AHAs and vitamin C. Layer with hyaluronic acid serum.,Urban
182,20,Female,Combination,"['Acne', 'Pigmentation']","['Moisturizer', 'Retinol']",Weekly,"['Cetaphil', 'Biotique', 'Nivea']",Balance T-zone with lightweight products. Add niacinamide or benzoyl peroxide. Use vitamin C serum daily.,Urban
183,19,Male,Combination,"['Acne', 'Dark spots', 'Uneven tone']","['Exfoliator', 'Retinol', 'Cleanser', 'Sunscreen']",Weekly,"['Biotique', 'Minimalist']",Balance T-zone with lightweight products. Add niacinamide or benzoyl peroxide. Niacinamide and sunscreen are key. Try AHAs and vitamin C.,Urban
184,63,Male,Sensitive,['Pigmentation'],"['Sunscreen', 'Exfoliator', 'Retinol', 'Moisturizer']",Daily,['Nivea'],"Use fragrance-free, gentle products only. Use vitamin C serum daily.",Rural
185,34,Female,Sensitive,['Wrinkles'],"['Moisturizer', 'Vitamin C', 'Retinol', 'Exfoliator']",Weekly,['Mamaearth'],"Use fragrance-free, gentle products only. Include retinol at night.",Rural
186,16,Female,Combination,"['Blackheads', 'Wrinkles', 'Dryness']","['Retinol', 'Vitamin C', 'Niacinamide', 'Moisturizer']",Alternate Days,"['Cetaphil', 'Himalaya']",Balance T-zone with lightweight products. Use BHA exfoliant twice weekly. Include retinol at night. Layer with hyaluronic acid serum.,Urban
187,42,Female,Dry,"['Wrinkles', 'Dryness']","['Niacinamide', 'Moisturizer', 'Sunscreen', 'Retinol', 'Vitamin C']",Weekly,"['Minimalist', 'Cetaphil']",Use hydrating cleanser and thick moisturizer. Include retinol at night. Layer with hyaluronic acid serum.,Urban
188,65,Male,Oily,"['Blackheads', 'Uneven tone', 'Pigmentation']","['Exfoliator', 'Sunscreen', 'Cleanser', 'Retinol', 'Vitamin C']",Weekly,['Himalaya'],Use salicylic acid cleanser and oil-free moisturizer. Use BHA exfoliant twice weekly. Try AHAs and vitamin C. Use vitamin C serum daily.,Rural
189,46,Female,Dry,"['Blackheads', 'Dryness', 'Acne']","['Niacinamide', 'Retinol', 'Exfoliator', 'Vitamin C', 'Sunscreen']",Weekly,"['Minimalist', 'Plum', 'Cetaphil']",Use hydrating cleanser and thick moisturizer. Use BHA exfoliant twice weekly. Layer with hyaluronic acid serum. Add niacinamide or benzoyl peroxide.,Urban
190,29,Male,Combination,['Uneven tone'],"['Niacinamide', 'Vitamin C']",Weekly,"['Biotique', 'Nivea']",Balance T-zone with lightweight products. Try AHAs and vitamin C.,Urban
191,17,Male,Combination,['Dark spots'],"['Retinol', 'Sunscreen', 'Exfoliator']",Weekly,"['Cetaphil', 'Himalaya', 'Biotique']",Balance T-zone with lightweight products. Niacinamide and sunscreen are key.,Urban
192,25,Male,Sensitive,['Wrinkles'],"['Cleanser', 'Exfoliator', 'Moisturizer', 'Sunscreen', 'Niacinamide']",Alternate Days,"['Biotique', 'Mamaearth']","Use fragrance-free, gentle products only. Include retinol at night.",Rural
193,25,Female,Oily,"['Uneven tone', 'Dryness']","['Sunscreen', 'Cleanser', 'Exfoliator', 'Vitamin C', 'Niacinamide']",Daily,['Biotique'],Use salicylic acid cleanser and oil-free moisturizer. Try AHAs and vitamin C. Layer with hyaluronic acid serum.,Rural
194,29,Male,Dry,"['Pigmentation', 'Dark spots', 'Dryness']","['Niacinamide', 'Retinol', 'Vitamin C', 'Moisturizer']",Weekly,"['Mamaearth', 'Biotique', 'Nivea']",Use hydrating cleanser and thick moisturizer. Use vitamin C serum daily. Niacinamide and sunscreen are key. Layer with hyaluronic acid serum.,Rural
195,19,Male,Sensitive,"['Blackheads', 'Dryness', 'Acne']","['Moisturizer', 'Sunscreen', 'Cleanser']",Daily,"['Mamaearth', 'Plum', 'Himalaya']","Use fragrance-free, gentle products only. Use BHA exfoliant twice weekly. Layer with hyaluronic acid serum. Add niacinamide or benzoyl peroxide.",Urban
196,39,Male,Combination,"['Dryness', 'Blackheads', 'Dark spots']","['Niacinamide', 'Retinol', 'Exfoliator', 'Vitamin C']",Daily,"['Plum', 'Nivea']",Balance T-zone with lightweight products. Layer with hyaluronic acid serum. Use BHA exfoliant twice weekly. Niacinamide and sunscreen are key.,Urban
197,19,Male,Dry,"['Acne', 'Pigmentation']","['Cleanser', 'Moisturizer', 'Sunscreen', 'Vitamin C']",Weekly,"['Cetaphil', 'Mamaearth']",Use hydrating cleanser and thick moisturizer. Add niacinamide or benzoyl peroxide. Use vitamin C serum daily.,Rural
198,35,Male,Sensitive,"['Dark spots', 'Uneven tone', 'Pigmentation']","['Retinol', 'Sunscreen', 'Moisturizer']",Daily,"['Biotique', 'Nivea']","Use fragrance-free, gentle products only. Niacinamide and sunscreen are key. Try AHAs and vitamin C. Use vitamin C serum daily.",Urban
199,26,Male,Sensitive,['Pigmentation'],"['Niacinamide', 'Exfoliator', 'Retinol', 'Vitamin C', 'Sunscreen']",Weekly,"['Himalaya', 'Nivea']","Use fragrance-free, gentle products only. Use vitamin C serum daily.",Rural
200,37,Male,Oily,['Wrinkles'],"['Sunscreen', 'Moisturizer']",Alternate Days,['Biotique'],Use salicylic acid cleanser and oil-free moisturizer. Include retinol at night.,Rural
201,20,Female,Combination,['Pores'],['Niacinamide'],daily,['Plum'],Use salicylic acid,Urban
